"SNP","effect_allele.exposure","other_allele.exposure","effect_allele.outcome","other_allele.outcome","beta.exposure","beta.outcome","eaf.exposure","eaf.outcome","remove","palindromic","ambiguous","id.outcome","se.outcome","pval.outcome","outcome","mr_keep.outcome","pval_origin.outcome","chr.exposure","pos.exposure","se.exposure","pval.exposure","exposure","mr_keep.exposure","pval_origin.exposure","id.exposure","action","SNP_index","mr_keep","samplesize.outcome"
"rs1016988","C","T","C","T",-0.0174377,-0.006877,0.190907,0.237532,FALSE,FALSE,FALSE,"A8rLdm",0.0107107,0.520829,"outcome",TRUE,"reported",5,131744574,0.00265087,4.79954e-11,"exposure",TRUE,"reported","IGgg5c",2,1,TRUE,NA
"rs10448340","G","T","G","T",-0.0150594,-0.013226,0.319765,0.28496,FALSE,FALSE,FALSE,"A8rLdm",0.0105901,0.211702,"outcome",TRUE,"reported",9,139320069,0.00223737,1.69981e-11,"exposure",TRUE,"reported","IGgg5c",2,1,TRUE,NA
"rs11568318","A","C","A","C",0.0256951,0.038835,0.066246,0.050474,FALSE,FALSE,FALSE,"A8rLdm",0.0232257,0.0945105,"outcome",TRUE,"reported",2,234665498,0.00417849,7.79992e-10,"exposure",TRUE,"reported","IGgg5c",2,1,TRUE,NA
"rs11601507","A","C","A","C",0.0322012,0.073382,0.069468,0.080733,FALSE,FALSE,FALSE,"A8rLdm",0.0177031,3.40001e-05,"outcome",TRUE,"reported",11,5701074,0.00404981,1.80011e-15,"exposure",TRUE,"reported","IGgg5c",2,1,TRUE,NA
"rs12471768","C","T","C","T",0.0135999,0.002544,0.704119,0.686373,FALSE,FALSE,FALSE,"A8rLdm",0.010677,0.811673,"outcome",TRUE,"reported",2,64928603,0.00228112,2.5e-09,"exposure",TRUE,"reported","IGgg5c",2,1,TRUE,NA
"rs1250258","T","C","T","C",0.0137745,-0.032824,0.736649,0.707997,FALSE,FALSE,FALSE,"A8rLdm",0.0108389,0.0024589,"outcome",TRUE,"reported",2,216300185,0.00236771,5.99998e-09,"exposure",TRUE,"reported","IGgg5c",2,1,TRUE,NA
"rs1260326","C","T","C","T",-0.0347299,0.003257,0.604443,0.609766,FALSE,FALSE,FALSE,"A8rLdm",0.0096201,0.734939,"outcome",TRUE,"reported",2,27730940,0.00212546,5.10035e-60,"exposure",TRUE,"reported","IGgg5c",2,1,TRUE,NA
"rs12916","C","T","C","T",0.0621175,0.035827,0.400537,0.430172,FALSE,FALSE,FALSE,"A8rLdm",0.0094854,0.000158701,"outcome",TRUE,"reported",5,74656539,0.00212705,1.69824e-187,"exposure",TRUE,"reported","IGgg5c",2,1,TRUE,NA
"rs1556562","T","G","T","G",0.0190249,-0.028397,0.790033,0.796665,FALSE,FALSE,FALSE,"A8rLdm",0.012767,0.0261318,"outcome",TRUE,"reported",1,93034023,0.00248903,2.09991e-14,"exposure",TRUE,"reported","IGgg5c",2,1,TRUE,NA
"rs1801689","C","A","C","A",0.061862,0.042712,0.030551,0.030597,FALSE,FALSE,FALSE,"A8rLdm",0.0362035,0.238089,"outcome",TRUE,"reported",17,64210580,0.00605788,1.80011e-24,"exposure",TRUE,"reported","IGgg5c",2,1,TRUE,NA
"rs2068888","A","G","A","G",-0.0192081,-0.039094,0.450695,0.477107,FALSE,FALSE,FALSE,"A8rLdm",0.0096853,5.43e-05,"outcome",TRUE,"reported",10,94839642,0.00209421,4.60045e-20,"exposure",TRUE,"reported","IGgg5c",2,1,TRUE,NA
"rs2250802","A","G","A","G",-0.0181939,-0.010815,0.72434,0.711727,FALSE,FALSE,FALSE,"A8rLdm",0.0104022,0.298487,"outcome",TRUE,"reported",10,113921354,0.00233224,6.09958e-15,"exposure",TRUE,"reported","IGgg5c",2,1,TRUE,NA
"rs2287622","G","A","G","A",-0.0211572,-0.011769,0.602794,0.579682,FALSE,FALSE,FALSE,"A8rLdm",0.009594,0.219934,"outcome",TRUE,"reported",2,169830328,0.00212931,2.90001e-23,"exposure",TRUE,"reported","IGgg5c",2,1,TRUE,NA
"rs3732359","A","G","A","G",-0.0173556,0.016316,0.78012,0.703095,FALSE,FALSE,FALSE,"A8rLdm",0.0102588,0.111736,"outcome",TRUE,"reported",3,119536429,0.00252038,5.70033e-12,"exposure",TRUE,"reported","IGgg5c",2,1,TRUE,NA
"rs3780181","G","A","G","A",-0.0278983,-0.008171,0.067627,0.071219,FALSE,FALSE,FALSE,"A8rLdm",0.0182614,0.654553,"outcome",TRUE,"reported",9,2640759,0.00418323,2.60016e-11,"exposure",TRUE,"reported","IGgg5c",2,1,TRUE,NA
"rs4148826","C","T","C","T",-0.0157917,-0.034475,0.18045,0.200637,FALSE,FALSE,FALSE,"A8rLdm",0.0114841,0.00268238,"outcome",TRUE,"reported",7,87074419,0.0027233,6.69993e-09,"exposure",TRUE,"reported","IGgg5c",2,1,TRUE,NA
"rs440677","A","G","A","G",-0.0159238,0.001299,0.623063,0.567226,FALSE,FALSE,FALSE,"A8rLdm",0.0101741,0.898404,"outcome",TRUE,"reported",19,11285390,0.00215434,1.50003e-13,"exposure",TRUE,"reported","IGgg5c",2,1,TRUE,NA
"rs556107","T","C","T","C",0.0351712,0.019677,0.523338,0.566471,FALSE,FALSE,FALSE,"A8rLdm",0.0095125,0.0385896,"outcome",TRUE,"reported",1,234853059,0.00208846,1.20005e-63,"exposure",TRUE,"reported","IGgg5c",2,1,TRUE,NA
"rs6074012","C","T","C","T",0.0116537,0.009315,0.523914,0.509701,FALSE,FALSE,FALSE,"A8rLdm",0.0091769,0.310082,"outcome",TRUE,"reported",20,44700166,0.00208962,2.39999e-08,"exposure",TRUE,"reported","IGgg5c",2,1,TRUE,NA
"rs6475606","T","C","T","C",-0.0202689,0.189601,0.48447,0.51796,FALSE,FALSE,FALSE,"A8rLdm",0.0159607,1.51985e-32,"outcome",TRUE,"reported",9,22081850,0.00208367,2.29985e-22,"exposure",TRUE,"reported","IGgg5c",2,1,TRUE,NA
"rs6495122","C","A","C","A",0.0143852,-0.015817,0.591279,0.469906,FALSE,FALSE,FALSE,"A8rLdm",0.0099655,0.112473,"outcome",TRUE,"reported",15,75125645,0.00211976,1.20005e-11,"exposure",TRUE,"reported","IGgg5c",2,1,TRUE,NA
"rs6544713","C","T","C","T",-0.0537152,-0.051473,0.676864,0.683325,FALSE,FALSE,FALSE,"A8rLdm",0.0104728,8.87994e-07,"outcome",TRUE,"reported",2,44073881,0.00222274,5.00035e-129,"exposure",TRUE,"reported","IGgg5c",2,1,TRUE,NA
"rs6874202","C","T","C","T",0.032331,0.01438,0.634269,0.620539,FALSE,FALSE,FALSE,"A8rLdm",0.0096505,0.136203,"outcome",TRUE,"reported",5,156391628,0.00216292,1.59993e-50,"exposure",TRUE,"reported","IGgg5c",2,1,TRUE,NA
"rs7202323","G","T","G","T",-0.0255365,0.015085,0.229741,0.260107,FALSE,FALSE,FALSE,"A8rLdm",0.0105076,0.151107,"outcome",TRUE,"reported",16,72217113,0.00247732,6.4998e-25,"exposure",TRUE,"reported","IGgg5c",2,1,TRUE,NA
"rs7569317","C","T","C","T",0.017881,-0.024153,0.530638,0.529833,FALSE,FALSE,FALSE,"A8rLdm",0.0094799,0.0108405,"outcome",TRUE,"reported",2,203527979,0.00208232,8.9002e-18,"exposure",TRUE,"reported","IGgg5c",2,1,TRUE,NA
"rs8103315","A","C","A","C",0.054906,0.014533,0.134345,0.106387,FALSE,FALSE,FALSE,"A8rLdm",0.0174326,0.404468,"outcome",TRUE,"reported",19,45254168,0.0031243,3.90032e-69,"exposure",TRUE,"reported","IGgg5c",2,1,TRUE,NA
"rs880315","C","T","C","T",-0.0152225,0.012876,0.34024,0.349511,FALSE,FALSE,FALSE,"A8rLdm",0.0104076,0.216024,"outcome",TRUE,"reported",1,10796866,0.00220678,5.30029e-12,"exposure",TRUE,"reported","IGgg5c",2,1,TRUE,NA
"rs964184","C","G","C","G",-0.0575823,-0.049958,0.866409,0.815294,FALSE,TRUE,FALSE,"A8rLdm",0.0123988,5.60003e-05,"outcome",TRUE,"reported",11,116648917,0.00306356,8.19974e-79,"exposure",TRUE,"reported","IGgg5c",2,1,TRUE,NA
