"exposure","outcome","id.exposure","id.outcome","samplesize","SNP","b","se","p"
"Telomere_length","outcome","VC1Xqp","heYkVY",NA,"rs11125529",-0.455755403089379,0.444394122129689,0.305096305859379
"Telomere_length","outcome","VC1Xqp","heYkVY",NA,"rs12696304",-0.309159099037076,0.275576288570256,0.261920297670888
"Telomere_length","outcome","VC1Xqp","heYkVY",NA,"rs17653722",0.0712277663937851,1.31101476501991,0.956672045199335
"Telomere_length","outcome","VC1Xqp","heYkVY",NA,"rs2098713",-2.12786214660267,2.08734862672525,0.308008796460149
"Telomere_length","outcome","VC1Xqp","heYkVY",NA,"rs2162440",0.140145521923663,0.483234367896659,0.771804276613585
"Telomere_length","outcome","VC1Xqp","heYkVY",NA,"rs2736100",-0.374204140597874,0.304591339188082,0.219242479841247
"Telomere_length","outcome","VC1Xqp","heYkVY",NA,"rs2736428",0.808324836393998,0.322521079856494,0.0122012484764083
"Telomere_length","outcome","VC1Xqp","heYkVY",NA,"rs3027234",-0.0198385336206279,0.257624579385885,0.938619095260487
"Telomere_length","outcome","VC1Xqp","heYkVY",NA,"rs398652",-1.16489267275563,0.859584346556442,0.175359786057072
"Telomere_length","outcome","VC1Xqp","heYkVY",NA,"rs4902100",-2.87159458734941,4.14583608407053,0.488532067054097
"Telomere_length","outcome","VC1Xqp","heYkVY",NA,"rs6028466",0.051750716831228,0.765149700702785,0.946076383785045
"Telomere_length","outcome","VC1Xqp","heYkVY",NA,"rs621559",10.5450930582942,8.67925563818402,0.224374992014159
"Telomere_length","outcome","VC1Xqp","heYkVY",NA,"rs654128",4.40488920025073,6.20991728426926,0.478118859264262
"Telomere_length","outcome","VC1Xqp","heYkVY",NA,"rs6772228",-1.39225204667014,1.09243916631365,0.202506267353051
"Telomere_length","outcome","VC1Xqp","heYkVY",NA,"rs755017",-0.367692390637412,1.88896386942571,0.845664647286864
"Telomere_length","outcome","VC1Xqp","heYkVY",NA,"rs8105767",-0.468460264172632,0.375024801278098,0.211612133141442
"Telomere_length","outcome","VC1Xqp","heYkVY",NA,"rs9420907",-0.654238950233859,0.230535729514141,0.00454104178880791
"Telomere_length","outcome","VC1Xqp","heYkVY",NA,"All - Inverse variance weighted",-0.237095767451936,0.123758733759775,0.0553918075476119
"Telomere_length","outcome","VC1Xqp","heYkVY",NA,"All - MR Egger",-0.276940290862308,0.22662936200187,0.240565472448148
