id	trait	chr	pos	rsid	ea	nea	eaf	beta	se	p	n
ebi-a-GCST002221	Cholesterol, total	1	55505647	rs11591147	T	G	None	-0.3341	0.0173	8.82673e-86	94595
ebi-a-GCST002222	LDL cholesterol	1	55505647	rs11591147	T	G	None	-0.497	0.018	8.57038e-143	94595
ebi-a-GCST005068	LDL cholesterol	1	55505647	rs11591147	T	G	None	-0.33	0.06	2.02633e-08	9961
ebi-a-GCST005194	Coronary artery disease	1	55505647	rs11591147	T	G	0.0164	-0.2406	0.0247	1.85481e-22	296525
ebi-a-GCST005195	Coronary artery disease	1	55505647	rs11591147	T	G	None	-0.236991	0.0269669	1.50003e-18	547261
ebi-a-GCST008037	Low density lipoprotein cholesterol levels	1	55505647	rs11591147	T	G	0.00678129	-21.5141	1.82341	3.95913e-32	17373
ebi-a-GCST008045	Total cholesterol levels	1	55505647	rs11591147	T	G	0.00675004	-21.1719	2.06018	8.97016e-25	17802
ebi-a-GCST010144	Serum 25-Hydroxyvitamin D levels	1	55505647	rs11591147	T	G	0.01799	0.046744	0.007316	0	443734
ebi-a-GCST011364	Myocardial infarction	1	55505647	rs11591147	T	G	0.016784	-0.270964	0.0416959	8.10028e-11	17505
ebi-a-GCST011365	Myocardial infarction	1	55505647	rs11591147	T	G	0.015973	-0.293563	0.035624	1.80011e-16	58825
ebi-a-GCST90000614	Serum 25-Hydroxyvitamin D levels	1	55505647	rs11591147	T	G	0.018041	0.0450903	0.00747745	1.63783e-09	417580
ebi-a-GCST90000615	Serum 25-Hydroxyvitamin D levels	1	55505647	rs11591147	T	G	0.018031	0.0466153	0.00736394	2.44833e-10	417580
ebi-a-GCST90000616	Serum 25-Hydroxyvitamin D levels	1	55505647	rs11591147	T	G	0.018041	0.0461643	0.00736307	3.61735e-10	417580
ebi-a-GCST90000617	Serum 25-Hydroxyvitamin D levels	1	55505647	rs11591147	T	G	0.018031	0.044772	0.00737972	1.30404e-09	417580
ebi-a-GCST90002412	Low density lipoprotein cholesterol levels	1	55505647	rs11591147	T	G	0.017455	-0.457849	0.0071963	0	431167
ebi-a-GCST90013864	Coronary artery disease (Firth correction)	1	55505647	rs11591147	T	G	None	-0.283544	0.03813	1.41514e-14	352063
ebi-a-GCST90013868	Coronary artery disease (SPA correction)	1	55505647	rs11591147	T	G	None	-0.266021	0.0345274	1.3122e-14	352063
ebi-a-GCST90013882	High cholesterol (Firth correction)	1	55505647	rs11591147	T	G	None	-0.572069	0.0322675	2.03704e-80	407746
ebi-a-GCST90013886	Angina (Firth correction)	1	55505647	rs11591147	T	G	None	-0.25172	0.0413597	3.08638e-10	397554
ebi-a-GCST90013919	Cholesterol lowering medication use (UKB data field 6177_1) (Firth correction)	1	55505647	rs11591147	T	G	None	-0.520457	0.034515	7.48342e-56	407746
ebi-a-GCST90013932	High cholesterol (SPA correction)	1	55505647	rs11591147	T	G	None	-0.505435	0.0266022	1.71317e-80	407746
ebi-a-GCST90013936	Angina (SPA correction)	1	55505647	rs11591147	T	G	None	-0.23639	0.0374874	2.86622e-10	397554
ebi-a-GCST90013969	Cholesterol lowering medication use (UKB data field 6177_1) (SPA correction)	1	55505647	rs11591147	T	G	None	-0.483319	0.0306848	6.7515e-56	407746
ebi-a-GCST90013993	Apolipoprotein A levels (UKB data field 30630)	1	55505647	rs11591147	T	G	None	0.0508823	0.00772472	4.48952e-11	355859
ebi-a-GCST90013997	Direct bilirubin levels (UKB data field 30660)	1	55505647	rs11591147	T	G	None	0.0482586	0.00785293	7.98123e-10	332739
ebi-a-GCST90018793	Angina pectoris	1	55505647	rs11591147	T	G	0.0230188	-0.2179	0.0316	5.83311e-12	470931
ebi-a-GCST90018877	Myocardial infarction	1	55505647	rs11591147	T	G	0.0229433	-0.3174	0.0379	5.84655e-17	461823
ebi-a-GCST90018961	LDL cholesterol	1	55505647	rs11591147	T	G	0.017695	-0.3485	0.0089	0	343621
ebi-a-GCST90018974	Total cholesterol levels	1	55505647	rs11591147	T	G	0.017689	-0.3124	0.0088	1.87932e-278	344278
ebi-a-GCST90018989	Medication use (HMG CoA reductase inhibitors)	1	55505647	rs11591147	T	G	0.017203	-0.3623	0.0215	9.42758e-64	290385
ebi-a-GCST90025952	Apolipoprotein B levels	1	55505647	rs11591147	T	G	0.0176423	-0.353467	0.0077769	0	435744
ebi-a-GCST90025953	Total cholesterol levels	1	55505647	rs11591147	T	G	0.0176564	-0.32722	0.00790383	0	437878
ebi-a-GCST90025954	Direct low density lipoprotein cholesterol levels	1	55505647	rs11591147	T	G	0.0176575	-0.359718	0.00792081	0	437068
ebi-a-GCST90025955	Apolipoprotein A1 levels	1	55505647	rs11591147	T	G	0.0176185	0.0613934	0.00788205	1e-17	398508
ebi-a-GCST90025983	Direct bilirubin levels	1	55505647	rs11591147	T	G	0.0179398	0.0519075	0.00802549	8.10028e-13	372420
ebi-a-GCST90025993	Lipoprotein (a) levels	1	55505647	rs11591147	T	G	0.0176251	-0.0446779	0.00820706	6.79986e-16	348806
ebi-a-GCST90029019	Cardiovascular disease	1	55505647	rs11591147	T	G	0.017467	-0.023651	0.00347203	8.99912e-12	477807
ebi-a-GCST90029021	High cholesterol	1	55505647	rs11591147	T	G	0.017467	-0.0475441	0.00251913	8.60003e-81	464736
ebi-a-GCST90038595	Cardiovascular disease	1	55505647	rs11591147	T	G	0.016707	-0.0245794	0.00349628	2.70023e-12	484598
ebi-a-GCST90038609	Angina	1	55505647	rs11591147	T	G	0.016707	-0.00766499	0.00137805	2.19999e-08	484598
ebi-a-GCST90038690	High cholesterol	1	55505647	rs11591147	T	G	0.016707	-0.0475535	0.00251519	5.10035e-81	484598
ebi-a-GCST90060309	Sphingomyelin_34:1_[M+OAc]1- levels	1	55505647	rs11591147	T	G	0.0181376	-0.199134	0.0361146	3.50002e-08	13814
ebi-a-GCST90060505	Sphingomyelin_42:3_[M+OAc]1- levels	1	55505647	rs11591147	T	G	0.0181376	-0.189699	0.0338923	2.19999e-08	13814
ebi-a-GCST90060507	Sphingomyelin_42:2_[M+OAc]1- levels	1	55505647	rs11591147	T	G	0.0181376	-0.207321	0.0329668	3.2e-10	13814
ebi-a-GCST90092809	Apolipoprotein B levels	1	55505647	rs11591147	T	G	0.017457	-0.323815	0.015704	1.80011e-94	115082
ebi-a-GCST90092810	Ratio of apolipoprotein B to apolipoprotein A1 levels	1	55505647	rs11591147	T	G	0.017457	-0.305326	0.0154758	1.20005e-86	115082
ebi-a-GCST90092812	Total cholines levels	1	55505647	rs11591147	T	G	0.017464	-0.109707	0.0147677	1.10002e-13	115006
ebi-a-GCST90092814	Clinical LDL cholesterol levels	1	55505647	rs11591147	T	G	0.017457	-0.323797	0.015644	3.59998e-95	115082
ebi-a-GCST90092816	Docosahexaenoic acid levels	1	55505647	rs11591147	T	G	0.017464	-0.112079	0.0149419	6.29941e-14	115006
ebi-a-GCST90092831	Cholesterol levels in IDL	1	55505647	rs11591147	T	G	0.017457	-0.317132	0.0151963	1e-96	115082
ebi-a-GCST90092832	Cholesterol to total lipids ratio in IDL	1	55505647	rs11591147	T	G	0.017457	-0.172523	0.0152762	1.39991e-29	115082
ebi-a-GCST90092833	Cholesteryl ester levels in IDL	1	55505647	rs11591147	T	G	0.017457	-0.31172	0.0151938	1.50003e-93	115082
ebi-a-GCST90092834	Cholesteryl esters to total lipids ratio in IDL	1	55505647	rs11591147	T	G	0.017457	-0.1319	0.0153128	7.10068e-18	115082
ebi-a-GCST90092835	Free cholesterol levels in IDL	1	55505647	rs11591147	T	G	0.017457	-0.326041	0.0152253	9.7949e-102	115082
ebi-a-GCST90092836	Free cholesterol to total lipids ratio in IDL	1	55505647	rs11591147	T	G	0.017457	-0.149405	0.0156202	1.10002e-21	115082
ebi-a-GCST90092837	Total lipid levels in IDL	1	55505647	rs11591147	T	G	0.017457	-0.319329	0.0152077	6.90081e-98	115082
ebi-a-GCST90092838	Concentration of IDL particles	1	55505647	rs11591147	T	G	0.017457	-0.346654	0.0155694	7.99834e-110	115082
ebi-a-GCST90092839	Phospholipid levels in IDL	1	55505647	rs11591147	T	G	0.017457	-0.327491	0.0151697	2.30144e-103	115082
ebi-a-GCST90092841	Triglyceride levels in IDL	1	55505647	rs11591147	T	G	0.017457	-0.102722	0.0153527	2.19989e-11	115082
ebi-a-GCST90092842	Triglycerides to total lipids ratio in IDL	1	55505647	rs11591147	T	G	0.017457	0.20278	0.0150806	3.19963e-41	115082
ebi-a-GCST90092845	Cholesterol to total lipids ratio in large HDL	1	55505647	rs11591147	T	G	0.017457	-0.121975	0.0147737	1.50003e-16	115082
ebi-a-GCST90092847	Cholesteryl esters to total lipids ratio in large HDL	1	55505647	rs11591147	T	G	0.017457	-0.0927373	0.0149606	5.69994e-10	115082
ebi-a-GCST90092849	Free cholesterol to total lipids ratio in large HDL	1	55505647	rs11591147	T	G	0.017457	-0.214652	0.0146235	8.80035e-49	115082
ebi-a-GCST90092853	Phospholipids to total lipids ratio in large HDL	1	55505647	rs11591147	T	G	0.017457	0.213601	0.0151761	5.40008e-45	115082
ebi-a-GCST90092856	Cholesterol levels in large LDL	1	55505647	rs11591147	T	G	0.017457	-0.306667	0.0155563	1.69981e-86	115082
ebi-a-GCST90092857	Cholesterol to total lipids ratio in large LDL	1	55505647	rs11591147	T	G	0.017457	-0.181934	0.0152593	8.99912e-33	115082
ebi-a-GCST90092858	Cholesteryl ester levels in large LDL	1	55505647	rs11591147	T	G	0.017457	-0.297334	0.0155913	4.40048e-81	115082
ebi-a-GCST90092860	Free cholesterol levels in large LDL	1	55505647	rs11591147	T	G	0.017457	-0.323486	0.0154516	2.49977e-97	115082
ebi-a-GCST90092861	Free cholesterol to total lipids ratio in large LDL	1	55505647	rs11591147	T	G	0.017457	-0.182593	0.0149208	1.99986e-34	115082
ebi-a-GCST90092862	Total lipid levels in large LDL	1	55505647	rs11591147	T	G	0.017457	-0.306902	0.0155777	2.09991e-86	115082
ebi-a-GCST90092863	Concentration of large LDL particles	1	55505647	rs11591147	T	G	0.017457	-0.330722	0.0156712	7.29962e-99	115082
ebi-a-GCST90092864	Phospholipid levels in large LDL	1	55505647	rs11591147	T	G	0.017457	-0.314459	0.0156168	3.59998e-90	115082
ebi-a-GCST90092866	Triglyceride levels in large LDL	1	55505647	rs11591147	T	G	0.017457	-0.124988	0.015403	4.90004e-16	115082
ebi-a-GCST90092867	Triglycerides to total lipids ratio in large LDL	1	55505647	rs11591147	T	G	0.017457	0.188325	0.0152746	6.29941e-35	115082
ebi-a-GCST90092868	Cholesterol levels in large VLDL	1	55505647	rs11591147	T	G	0.017457	-0.130846	0.0153594	1.59993e-17	115082
ebi-a-GCST90092869	Cholesterol to total lipids ratio in large VLDL	1	55505647	rs11591147	T	G	0.017454	-0.244262	0.015378	8.19974e-57	115071
ebi-a-GCST90092870	Cholesteryl ester levels in large VLDL	1	55505647	rs11591147	T	G	0.017457	-0.17375	0.0155166	4.19952e-29	115082
ebi-a-GCST90092871	Cholesteryl esters to total lipids ratio in large VLDL	1	55505647	rs11591147	T	G	0.017454	-0.236934	0.015059	8.9002e-56	115071
ebi-a-GCST90092872	Free cholesterol levels in large VLDL	1	55505647	rs11591147	T	G	0.017457	-0.087951	0.0151893	7.00003e-09	115082
ebi-a-GCST90092873	Free cholesterol to total lipids ratio in large VLDL	1	55505647	rs11591147	T	G	0.017454	-0.184283	0.015583	2.90001e-32	115071
ebi-a-GCST90092879	Triglycerides to total lipids ratio in large VLDL	1	55505647	rs11591147	T	G	0.017454	0.232351	0.015663	8.80035e-50	115071
ebi-a-GCST90092880	Linoleic acid levels	1	55505647	rs11591147	T	G	0.017464	-0.155986	0.0154372	5.30029e-24	115006
ebi-a-GCST90092883	LDL cholesterol levels	1	55505647	rs11591147	T	G	0.017457	-0.303215	0.0156646	1.80011e-83	115082
ebi-a-GCST90092884	Cholesteryl ester levels in LDL	1	55505647	rs11591147	T	G	0.017457	-0.29102	0.0156892	8.30042e-77	115082
ebi-a-GCST90092885	Free cholesterol levels in LDL	1	55505647	rs11591147	T	G	0.017457	-0.324014	0.0155667	3.19963e-96	115082
ebi-a-GCST90092886	Total lipid levels in LDL	1	55505647	rs11591147	T	G	0.017457	-0.302525	0.0156773	5.70033e-83	115082
ebi-a-GCST90092887	Concentration of LDL particles	1	55505647	rs11591147	T	G	0.017457	-0.32044	0.0157137	1.99986e-92	115082
ebi-a-GCST90092888	Phospholipid levels in LDL	1	55505647	rs11591147	T	G	0.017457	-0.3144	0.0156957	2.99985e-89	115082
ebi-a-GCST90092889	Average diameter for LDL particles	1	55505647	rs11591147	T	G	0.017457	-0.131785	0.0153448	8.80035e-18	115082
ebi-a-GCST90092890	Triglyceride levels in LDL	1	55505647	rs11591147	T	G	0.017457	-0.109059	0.0153884	1.39991e-12	115082
ebi-a-GCST90092892	Cholesterol levels in medium HDL	1	55505647	rs11591147	T	G	0.017457	0.0866095	0.0144719	2.19999e-09	115082
ebi-a-GCST90092894	Cholesteryl ester levels in medium HDL	1	55505647	rs11591147	T	G	0.017457	0.0939653	0.0145279	9.8992e-11	115082
ebi-a-GCST90092897	Free cholesterol to total lipids ratio in medium HDL	1	55505647	rs11591147	T	G	0.017457	-0.0814009	0.0139371	5.19996e-09	115082
ebi-a-GCST90092898	Total lipid levels in medium HDL	1	55505647	rs11591147	T	G	0.017457	0.104648	0.0145847	7.19946e-13	115082
ebi-a-GCST90092899	Concentration of medium HDL particles	1	55505647	rs11591147	T	G	0.017457	0.0877732	0.0144766	1.29999e-09	115082
ebi-a-GCST90092900	Phospholipid levels in medium HDL	1	55505647	rs11591147	T	G	0.017457	0.118904	0.0146813	5.50047e-16	115082
ebi-a-GCST90092904	Cholesterol levels in medium LDL	1	55505647	rs11591147	T	G	0.017457	-0.27701	0.0157599	3.69999e-69	115082
ebi-a-GCST90092905	Cholesterol to total lipids ratio in medium LDL	1	55505647	rs11591147	T	G	0.017457	-0.14823	0.0157547	5.00035e-21	115082
ebi-a-GCST90092906	Cholesteryl ester levels in medium LDL	1	55505647	rs11591147	T	G	0.017457	-0.257865	0.0157493	2.99985e-60	115082
ebi-a-GCST90092908	Free cholesterol levels in medium LDL	1	55505647	rs11591147	T	G	0.017457	-0.309686	0.0157146	1.9002e-86	115082
ebi-a-GCST90092909	Free cholesterol to total lipids ratio in medium LDL	1	55505647	rs11591147	T	G	0.017457	-0.108907	0.0149868	3.69999e-13	115082
ebi-a-GCST90092910	Total lipid levels in medium LDL	1	55505647	rs11591147	T	G	0.017457	-0.275282	0.0157507	2.09991e-68	115082
ebi-a-GCST90092911	Concentration of medium LDL particles	1	55505647	rs11591147	T	G	0.017457	-0.27799	0.0157711	1.50003e-69	115082
ebi-a-GCST90092912	Phospholipid levels in medium LDL	1	55505647	rs11591147	T	G	0.017457	-0.286793	0.0157533	4.70002e-74	115082
ebi-a-GCST90092914	Triglyceride levels in medium LDL	1	55505647	rs11591147	T	G	0.017457	-0.0938653	0.0153474	9.59997e-10	115082
ebi-a-GCST90092915	Triglycerides to total lipids ratio in medium LDL	1	55505647	rs11591147	T	G	0.017457	0.204022	0.0154	4.60045e-40	115082
ebi-a-GCST90092916	Cholesterol levels in medium VLDL	1	55505647	rs11591147	T	G	0.017457	-0.32703	0.0156867	1.59993e-96	115082
ebi-a-GCST90092917	Cholesterol to total lipids ratio in medium VLDL	1	55505647	rs11591147	T	G	0.017457	-0.253651	0.0147754	4.70002e-66	115082
ebi-a-GCST90092918	Cholesteryl ester levels in medium VLDL	1	55505647	rs11591147	T	G	0.017457	-0.344073	0.0155873	5.59758e-108	115082
ebi-a-GCST90092919	Cholesteryl esters to total lipids ratio in medium VLDL	1	55505647	rs11591147	T	G	0.017457	-0.238043	0.0147171	7.59976e-59	115082
ebi-a-GCST90092920	Free cholesterol levels in medium VLDL	1	55505647	rs11591147	T	G	0.017457	-0.281851	0.0157171	6.4998e-72	115082
ebi-a-GCST90092921	Free cholesterol to total lipids ratio in medium VLDL	1	55505647	rs11591147	T	G	0.017457	-0.289129	0.014959	3.10027e-83	115082
ebi-a-GCST90092922	Total lipid levels in medium VLDL	1	55505647	rs11591147	T	G	0.017457	-0.197244	0.0156054	1.29987e-36	115082
ebi-a-GCST90092923	Concentration of medium VLDL particles	1	55505647	rs11591147	T	G	0.017457	-0.240097	0.0156777	6.09958e-53	115082
ebi-a-GCST90092924	Phospholipid levels in medium VLDL	1	55505647	rs11591147	T	G	0.017457	-0.253243	0.0156932	1.39991e-58	115082
ebi-a-GCST90092925	Phospholipids to total lipids ratio in medium VLDL	1	55505647	rs11591147	T	G	0.017457	-0.316447	0.0150935	1.29987e-97	115082
ebi-a-GCST90092927	Triglycerides to total lipids ratio in medium VLDL	1	55505647	rs11591147	T	G	0.017457	0.270634	0.0148296	2.09991e-74	115082
ebi-a-GCST90092930	Total cholesterol minus HDL-C levels	1	55505647	rs11591147	T	G	0.017457	-0.311201	0.0156451	4.79954e-88	115082
ebi-a-GCST90092931	Omega-3 fatty acid levels	1	55505647	rs11591147	T	G	0.017464	-0.0941458	0.0150761	4.20001e-10	115006
ebi-a-GCST90092933	Omega-6 fatty acid levels	1	55505647	rs11591147	T	G	0.017464	-0.165697	0.0153538	3.80014e-27	115006
ebi-a-GCST90092937	Phosphatidylcholine levels	1	55505647	rs11591147	T	G	0.017464	-0.0835336	0.0146982	1.29999e-08	115006
ebi-a-GCST90092938	Phosphoglycerides levels	1	55505647	rs11591147	T	G	0.017464	-0.0841679	0.0148493	1.40001e-08	115006
ebi-a-GCST90092939	Polyunsaturated fatty acid levels	1	55505647	rs11591147	T	G	0.017464	-0.167284	0.0152671	6.09958e-28	115006
ebi-a-GCST90092943	Remnant cholesterol (non-HDL, non-LDL -cholesterol)	1	55505647	rs11591147	T	G	0.017457	-0.308882	0.0156254	5.60015e-87	115082
ebi-a-GCST90092945	Cholesterol to total lipids ratio in small HDL	1	55505647	rs11591147	T	G	0.017457	-0.132121	0.0154563	1.29987e-17	115082
ebi-a-GCST90092949	Free cholesterol to total lipids ratio in small HDL	1	55505647	rs11591147	T	G	0.017457	-0.238926	0.0148959	6.70039e-58	115082
ebi-a-GCST90092953	Phospholipids to total lipids ratio in small HDL	1	55505647	rs11591147	T	G	0.017457	0.199045	0.0151685	2.49977e-39	115082
ebi-a-GCST90092956	Cholesterol levels in small LDL	1	55505647	rs11591147	T	G	0.017457	-0.304099	0.0157454	4.10015e-83	115082
ebi-a-GCST90092957	Cholesterol to total lipids ratio in small LDL	1	55505647	rs11591147	T	G	0.017457	-0.160412	0.0157892	2.99985e-24	115082
ebi-a-GCST90092958	Cholesteryl ester levels in small LDL	1	55505647	rs11591147	T	G	0.017457	-0.282243	0.0157379	6.4003e-72	115082
ebi-a-GCST90092960	Free cholesterol levels in small LDL	1	55505647	rs11591147	T	G	0.017457	-0.329559	0.0156991	7.70016e-98	115082
ebi-a-GCST90092961	Free cholesterol to total lipids ratio in small LDL	1	55505647	rs11591147	T	G	0.017457	-0.128726	0.0151511	1.99986e-17	115082
ebi-a-GCST90092962	Total lipid levels in small LDL	1	55505647	rs11591147	T	G	0.017457	-0.305666	0.0157226	3.50026e-84	115082
ebi-a-GCST90092963	Concentration of small LDL particles	1	55505647	rs11591147	T	G	0.017457	-0.300449	0.0157351	2.80027e-81	115082
ebi-a-GCST90092964	Phospholipid levels in small LDL	1	55505647	rs11591147	T	G	0.017457	-0.332415	0.0156839	1.10002e-99	115082
ebi-a-GCST90092967	Triglycerides to total lipids ratio in small LDL	1	55505647	rs11591147	T	G	0.017457	0.187938	0.0151358	2.09991e-35	115082
ebi-a-GCST90092968	Cholesterol levels in small VLDL	1	55505647	rs11591147	T	G	0.017457	-0.275018	0.0157026	1.10002e-68	115082
ebi-a-GCST90092969	Cholesterol to total lipids ratio in small VLDL	1	55505647	rs11591147	T	G	0.017457	-0.310713	0.0152574	3.40017e-92	115082
ebi-a-GCST90092970	Cholesteryl ester levels in small VLDL	1	55505647	rs11591147	T	G	0.017457	-0.259988	0.0156775	9.20026e-62	115082
ebi-a-GCST90092971	Cholesteryl esters to total lipids ratio in small VLDL	1	55505647	rs11591147	T	G	0.017457	-0.308006	0.0155007	7.29962e-88	115082
ebi-a-GCST90092972	Free cholesterol levels in small VLDL	1	55505647	rs11591147	T	G	0.017457	-0.294517	0.0157191	2.49977e-78	115082
ebi-a-GCST90092973	Free cholesterol to total lipids ratio in small VLDL	1	55505647	rs11591147	T	G	0.017457	-0.271361	0.0149397	1e-73	115082
ebi-a-GCST90092974	Total lipid levels in small VLDL	1	55505647	rs11591147	T	G	0.017457	-0.169587	0.0155115	8.00018e-28	115082
ebi-a-GCST90092975	Concentration of small VLDL particles	1	55505647	rs11591147	T	G	0.017457	-0.163232	0.0154611	4.70002e-26	115082
ebi-a-GCST90092976	Phospholipid levels in small VLDL	1	55505647	rs11591147	T	G	0.017457	-0.247599	0.015667	2.90001e-56	115082
ebi-a-GCST90092977	Phospholipids to total lipids ratio in small VLDL	1	55505647	rs11591147	T	G	0.017457	-0.272239	0.0149704	6.79986e-74	115082
ebi-a-GCST90092979	Triglycerides to total lipids ratio in small VLDL	1	55505647	rs11591147	T	G	0.017457	0.303948	0.0151614	2.09991e-89	115082
ebi-a-GCST90092980	Saturated fatty acid levels	1	55505647	rs11591147	T	G	0.017464	-0.0882842	0.0155031	1.2e-08	115006
ebi-a-GCST90092982	Sphingomyelin levels	1	55505647	rs11591147	T	G	0.017464	-0.227522	0.0146943	4.49987e-54	115006
ebi-a-GCST90092985	Total cholesterol levels	1	55505647	rs11591147	T	G	0.017457	-0.2722	0.0152296	1.9002e-71	115082
ebi-a-GCST90092986	Total esterified cholesterol levels	1	55505647	rs11591147	T	G	0.017457	-0.265257	0.0151781	2.19989e-68	115082
ebi-a-GCST90092987	Total fatty acid levels	1	55505647	rs11591147	T	G	0.017464	-0.10863	0.0155184	2.60016e-12	115006
ebi-a-GCST90092988	Total free cholesterol levels	1	55505647	rs11591147	T	G	0.017457	-0.284735	0.0153643	1.10002e-76	115082
ebi-a-GCST90092989	Total lipid levels in lipoprotein particles	1	55505647	rs11591147	T	G	0.017457	-0.206283	0.0154567	1.29987e-40	115082
ebi-a-GCST90092991	Total phospholipid levels in lipoprotein particles	1	55505647	rs11591147	T	G	0.017457	-0.157164	0.0149554	7.89951e-26	115082
ebi-a-GCST90092994	Degree of unsaturation	1	55505647	rs11591147	T	G	0.017464	-0.0971407	0.0149204	7.50067e-11	115006
ebi-a-GCST90092996	VLDL cholesterol levels	1	55505647	rs11591147	T	G	0.017457	-0.246233	0.015689	1.59993e-55	115082
ebi-a-GCST90092997	Cholesteryl ester levels in VLDL	1	55505647	rs11591147	T	G	0.017457	-0.278681	0.0157224	2.70023e-70	115082
ebi-a-GCST90092998	Free cholesterol levels in VLDL	1	55505647	rs11591147	T	G	0.017457	-0.195725	0.0155842	3.50026e-36	115082
ebi-a-GCST90092999	Total lipid levels in VLDL	1	55505647	rs11591147	T	G	0.017457	-0.116113	0.0153886	4.49987e-14	115082
ebi-a-GCST90093000	Concentration of VLDL particles	1	55505647	rs11591147	T	G	0.017457	-0.210914	0.0155949	1.10002e-41	115082
ebi-a-GCST90093001	Phospholipid levels in VLDL	1	55505647	rs11591147	T	G	0.017457	-0.163783	0.015504	4.40048e-26	115082
ebi-a-GCST90093004	Cholesterol levels in very large HDL	1	55505647	rs11591147	T	G	0.017457	-0.133317	0.0141897	5.70033e-21	115082
ebi-a-GCST90093006	Cholesteryl ester levels in very large HDL	1	55505647	rs11591147	T	G	0.017457	-0.11885	0.0140927	3.40017e-17	115082
ebi-a-GCST90093008	Free cholesterol levels in very large HDL	1	55505647	rs11591147	T	G	0.017457	-0.178287	0.01466	5.00035e-34	115082
ebi-a-GCST90093010	Total lipid levels in very large HDL	1	55505647	rs11591147	T	G	0.017457	-0.107163	0.0141363	3.40017e-14	115082
ebi-a-GCST90093011	Concentration of very large HDL particles	1	55505647	rs11591147	T	G	0.017457	-0.134641	0.0141563	1.9002e-21	115082
ebi-a-GCST90093012	Phospholipid levels in very large HDL	1	55505647	rs11591147	T	G	0.017457	-0.0808208	0.014136	1.09999e-08	115082
ebi-a-GCST90093016	Cholesterol levels in very large VLDL	1	55505647	rs11591147	T	G	0.017457	-0.124929	0.0153466	3.90032e-16	115082
ebi-a-GCST90093017	Cholesterol to total lipids ratio in very large VLDL	1	55505647	rs11591147	T	G	0.017401	-0.209061	0.0150689	9.09913e-44	114160
ebi-a-GCST90093018	Cholesteryl ester levels in very large VLDL	1	55505647	rs11591147	T	G	0.017457	-0.167989	0.015471	1.80011e-27	115082
ebi-a-GCST90093019	Cholesteryl esters to total lipids ratio in very large VLDL	1	55505647	rs11591147	T	G	0.017401	-0.200937	0.0150683	1.39991e-40	114160
ebi-a-GCST90093021	Free cholesterol to total lipids ratio in very large VLDL	1	55505647	rs11591147	T	G	0.017401	-0.216328	0.0152657	1.39991e-45	114160
ebi-a-GCST90093025	Phospholipids to total lipids ratio in very large VLDL	1	55505647	rs11591147	T	G	0.017401	-0.244698	0.0157823	3.19963e-54	114160
ebi-a-GCST90093027	Triglycerides to total lipids ratio in very large VLDL	1	55505647	rs11591147	T	G	0.017401	0.246654	0.0152551	8.4004e-59	114160
ebi-a-GCST90093028	Cholesterol levels in very small VLDL	1	55505647	rs11591147	T	G	0.017457	-0.314264	0.0152441	1.99986e-94	115082
ebi-a-GCST90093029	Cholesterol to total lipids ratio in very small VLDL	1	55505647	rs11591147	T	G	0.017457	-0.231585	0.0148354	6.20012e-55	115082
ebi-a-GCST90093030	Cholesteryl ester levels in very small VLDL	1	55505647	rs11591147	T	G	0.017457	-0.316902	0.0151673	6.09958e-97	115082
ebi-a-GCST90093031	Cholesteryl esters to total lipids ratio in very small VLDL	1	55505647	rs11591147	T	G	0.017457	-0.215908	0.0147377	1.29987e-48	115082
ebi-a-GCST90093032	Free cholesterol levels in very small VLDL	1	55505647	rs11591147	T	G	0.017457	-0.294853	0.0153928	8.80035e-82	115082
ebi-a-GCST90093033	Free cholesterol to total lipids ratio in very small VLDL	1	55505647	rs11591147	T	G	0.017457	-0.273288	0.0156158	1.39991e-68	115082
ebi-a-GCST90093034	Total lipid levels in very small VLDL	1	55505647	rs11591147	T	G	0.017457	-0.266913	0.0153898	2.19989e-67	115082
ebi-a-GCST90093035	Concentration of very small VLDL particles	1	55505647	rs11591147	T	G	0.017457	-0.285235	0.0154587	5.10035e-76	115082
ebi-a-GCST90093036	Phospholipid levels in very small VLDL	1	55505647	rs11591147	T	G	0.017457	-0.261364	0.015426	2.19989e-64	115082
ebi-a-GCST90093039	Triglycerides to total lipids ratio in very small VLDL	1	55505647	rs11591147	T	G	0.017457	0.254105	0.014864	1.59993e-65	115082
ebi-a-GCST90093041	Cholesterol to total lipids ratio in chylomicrons and extremely large VLDL	1	55505647	rs11591147	T	G	0.017427	-0.0954523	0.0158103	1.6e-09	111638
ebi-a-GCST90093043	Cholesteryl esters to total lipids ratio in chylomicrons and extremely large VLDL	1	55505647	rs11591147	T	G	0.017427	-0.131079	0.0158946	1.59993e-16	111638
ebi-a-GCST90104003	Familial combined hyperlipidemia defined by Brunzell criteria	1	55505647	rs11591147	T	G	0.017589	-0.603121	0.115852	1.00083e-08	349222
ebi-a-GCST90104005	Familial combined hyperlipidemia defined by Dutch criteria	1	55505647	rs11591147	T	G	0.017589	-0.450003	0.051396	8.51726e-21	349222
ebi-a-GCST90104006	Familial combined hyperlipidemia defined by Consensus criteria	1	55505647	rs11591147	T	G	0.017589	-0.623922	0.0368034	9.2406e-76	349222
ebi-a-GCST90104007	Familial combined hyperlipidemia defined by Mexico criteria	1	55505647	rs11591147	T	G	0.017589	-0.676738	0.103738	3.81944e-13	349222
finn-b-E4_HYPERCHOL	Pure hypercholesterolaemia	1	55505647	rs11591147	T	G	0.03638	-0.4152	0.0459	1.45613e-19	
finn-b-E4_HYPERLIPNAS	Hyperlipidaemia, other/unspecified	1	55505647	rs11591147	T	G	0.03666	-0.3751	0.0614	9.79693e-10	
finn-b-E4_LIPOPROT	Disorders of lipoprotein metabolism and other lipidaemias	1	55505647	rs11591147	T	G	0.03607	-0.4097	0.0377	1.58891e-27	
finn-b-E4_METABOLIA	Metabolic disorders	1	55505647	rs11591147	T	G	0.03609	-0.2602	0.0297	1.83021e-18	
finn-b-I9_ANGINA	Angina pectoris	1	55505647	rs11591147	T	G	0.03631	-0.2491	0.0373	2.37301e-11	
finn-b-I9_ANGINA_EXNONE	Angina pectoris (no controls excluded)	1	55505647	rs11591147	T	G	0.03609	-0.2127	0.0361	3.91796e-09	
finn-b-I9_ANGIO	Coronary angiopasty	1	55505647	rs11591147	T	G	0.03654	-0.321	0.0519	6.19698e-10	
finn-b-I9_CABG	Coronary artery bypass grafting	1	55505647	rs11591147	T	G	0.03658	-0.4103	0.0619	3.26889e-11	
finn-b-I9_CABG_EXNONE	Coronary artery bypass grafting (no controls excluded)	1	55505647	rs11591147	T	G	0.03609	-0.3535	0.06	3.90697e-09	
finn-b-I9_CHD	Major coronary heart disease event	1	55505647	rs11591147	T	G	0.03609	-0.2388	0.0352	1.2471e-11	
finn-b-I9_CORATHER	Coronary atherosclerosis	1	55505647	rs11591147	T	G	0.03619	-0.2309	0.0341	1.26794e-11	
finn-b-I9_CORATHER_EXNONE	Coronary atherosclerosis (no controls excluded)	1	55505647	rs11591147	T	G	0.03609	-0.2204	0.0337	6.33432e-11	
finn-b-I9_IHD	Ischaemic heart disease, wide definition	1	55505647	rs11591147	T	G	0.03609	-0.2269	0.0299	2.93495e-14	
finn-b-I9_ISCHHEART	Ischemic heart diseases	1	55505647	rs11591147	T	G	0.03609	-0.2103	0.0299	2.16721e-12	
finn-b-I9_MI	Myocardial infarction	1	55505647	rs11591147	T	G	0.03635	-0.2971	0.0428	3.85567e-12	
finn-b-I9_MI_EXNONE	Myocardial infarction (no controls excluded)	1	55505647	rs11591147	T	G	0.03609	-0.2588	0.0421	7.61097e-10	
finn-b-I9_MI_STRICT	Myocardial infarction, strict	1	55505647	rs11591147	T	G	0.03642	-0.2843	0.0444	1.48799e-10	
finn-b-I9_MI_STRICT_EXNONE	"Myocardial infarction, strict" (no controls excluded)	1	55505647	rs11591147	T	G	0.03609	-0.2426	0.0436	2.61102e-08	
finn-b-I9_REVACS_EXNONE	Emergency coronary revascularization (for ACS) (no controls excluded)	1	55505647	rs11591147	T	G	0.03609	-0.341	0.0448	2.73023e-14	
finn-b-I9_REVASC	Coronary revascularization (ANGIO or CABG)	1	55505647	rs11591147	T	G	0.03629	-0.3692	0.0461	1.21899e-15	
finn-b-I9_REVASC_EXNONE	Coronary revascularization (ANGIO or CABG) (no controls excluded)	1	55505647	rs11591147	T	G	0.03609	-0.341	0.0448	2.73023e-14	
finn-b-RX_STATIN	Statin medication	1	55505647	rs11591147	T	G	0.03609	-0.6142	0.0245	6.62217e-139	
ieu-a-300	LDL cholesterol	1	55505647	rs11591147	T	G	0.01715	-0.497	0.018	8.57038e-143	77417
ieu-a-301	Total cholesterol	1	55505647	rs11591147	T	G	0.01715	-0.3341	0.0173	8.82673e-86	85729.2
ieu-a-781	LDL cholesterol	1	55505647	rs11591147	T	G	0.01715	-0.497	0.018	1.57036e-142	77417
ieu-a-782	Total cholesterol	1	55505647	rs11591147	T	G	0.01715	-0.3341	0.0174	2.74979e-90	85729.2
ieu-b-107	apolipoprotein A-I	1	55505647	rs11591147	T	G	0.017412	0.0533183	0.00747617	9.8992e-13	
ieu-b-108	apolipoprotein B	1	55505647	rs11591147	T	G	0.017452	-0.345954	0.00790085	0	
ieu-b-110	LDL cholesterol	1	55505647	rs11591147	T	G	0.017468	-0.348456	0.00793088	0	
ieu-b-4808	25 hydroxyvitamin D level	1	55505647	rs11591147	T	G	0.01799	0.046744	0.007316	0	
ieu-b-4812	25 hydroxyvitamin D level	1	55505647	rs11591147	T	G	0.01799	0.046744	0.007316	1.66663e-10	
ieu-b-4845	LDL cholesterol	1	55505647	rs11591147	T	G	None	-0.3691	0.0356	3.04369e-25	26680
ieu-b-4846	LDL cholesterol	1	55505647	rs11591147	T	G	None	-0.3619	0.0217	3.08035e-62	64115
ieu-b-5089	LDL cholesterol	1	55505647	rs11591147	T	G	0.017409	-0.343211	0.0118485	1e-187	
met-c-843	Apolipoprotein B	1	55505647	rs11591147	T	G	0.031101	-0.437941	0.035298	2.49977e-34	15270
met-c-853	Free cholesterol to esterified cholesterol ratio	1	55505647	rs11591147	T	G	0.028751	-0.461292	0.039818	1.63005e-30	13492
met-c-856	Omega-6 fatty acids	1	55505647	rs11591147	T	G	0.028839	-0.309146	0.039917	1.11995e-14	13502
met-c-858	Free cholesterol	1	55505647	rs11591147	T	G	0.028751	-0.495239	0.0397	3.44985e-35	13492
met-c-867	Total cholesterol in IDL	1	55505647	rs11591147	T	G	0.030715	-0.499655	0.034767	1.54989e-45	15985
met-c-868	Free cholesterol in IDL	1	55505647	rs11591147	T	G	0.030715	-0.505043	0.034776	1.27997e-46	15985
met-c-869	Total lipids in IDL	1	55505647	rs11591147	T	G	0.030715	-0.480746	0.034793	3.32966e-42	15985
met-c-870	Concentration of IDL particles	1	55505647	rs11591147	T	G	0.030715	-0.464499	0.034806	1.82012e-39	15985
met-c-871	Phospholipids in IDL	1	55505647	rs11591147	T	G	0.030715	-0.487758	0.034812	1.59001e-43	15985
met-c-872	Triglycerides in IDL	1	55505647	rs11591147	T	G	0.030715	-0.326381	0.034883	3.01023e-20	15985
met-c-880	Total cholesterol in large LDL	1	55505647	rs11591147	T	G	0.030715	-0.523828	0.034717	5.68984e-50	15985
met-c-881	Cholesterol esters in large VLDL	1	55505647	rs11591147	T	G	0.030715	-0.51831	0.034723	8.60003e-49	15985
met-c-882	Free cholesterol in large LDL	1	55505647	rs11591147	T	G	0.030715	-0.526401	0.034732	2.02023e-50	15985
met-c-883	Total lipids in large LDL	1	55505647	rs11591147	T	G	0.030715	-0.516356	0.034738	2.07014e-48	15985
met-c-884	Concentration of large LDL particles	1	55505647	rs11591147	T	G	0.030715	-0.508809	0.034744	4.45964e-47	15985
met-c-885	Phospholipids in large LDL	1	55505647	rs11591147	T	G	0.030715	-0.505262	0.034777	1.46994e-46	15985
met-c-893	18:2, linoleic acid (LA)	1	55505647	rs11591147	T	G	0.028751	-0.314397	0.039922	5.31986e-15	13525
met-c-895	Total cholesterol in LDL	1	55505647	rs11591147	T	G	0.030715	-0.515236	0.03472	2.84971e-48	15985
met-c-904	Total cholesterol in medium LDL	1	55505647	rs11591147	T	G	0.030715	-0.509737	0.034729	2.83009e-47	15985
met-c-905	Cholesterol esters in medium LDL	1	55505647	rs11591147	T	G	0.030715	-0.506389	0.034749	1.38995e-46	15985
met-c-906	Total lipids in medium LDL	1	55505647	rs11591147	T	G	0.030715	-0.500952	0.034735	1.23994e-45	15985
met-c-907	Concentration of medium LDL particles	1	55505647	rs11591147	T	G	0.030715	-0.494053	0.034737	1.90985e-44	15985
met-c-908	Phospholipids in medium LDL	1	55505647	rs11591147	T	G	0.030715	-0.475228	0.03479	3.63999e-41	15985
met-c-910	Cholesterol esters in medium VLDL	1	55505647	rs11591147	T	G	0.030715	-0.233824	0.034908	3.95003e-11	15985
met-c-918	Phosphatidylcholine and other cholines	1	55505647	rs11591147	T	G	0.029011	-0.260498	0.039856	8.61986e-11	13539
met-c-924	Total cholesterol in small LDL	1	55505647	rs11591147	T	G	0.030715	-0.483451	0.034733	6.4003e-43	15985
met-c-925	Total lipids in small LDL	1	55505647	rs11591147	T	G	0.030715	-0.461159	0.034751	6.07016e-39	15985
met-c-926	Concentration of small LDL particles	1	55505647	rs11591147	T	G	0.030715	-0.444171	0.034787	3.36977e-36	15985
met-c-927	Total cholesterol in small VLDL	1	55505647	rs11591147	T	G	0.030715	-0.33771	0.034863	1.03992e-21	15985
met-c-928	Free cholesterol in small VLDL	1	55505647	rs11591147	T	G	0.030715	-0.276735	0.03487	4.6505e-15	15985
met-c-929	Total lipids in small VLDL	1	55505647	rs11591147	T	G	0.030715	-0.238982	0.034886	1.48013e-11	15985
met-c-930	Concentration of small VLDL particles	1	55505647	rs11591147	T	G	0.030715	-0.204644	0.034899	7.52004e-09	15985
met-c-931	Phospholipids in small VLDL	1	55505647	rs11591147	T	G	0.030715	-0.249193	0.034882	1.75995e-12	15985
met-c-933	Serum total cholesterol	1	55505647	rs11591147	T	G	0.030715	-0.460207	0.034861	4.91021e-39	15985
met-c-935	Sphingomyelins	1	55505647	rs11591147	T	G	0.028653	-0.368426	0.039901	3.74024e-20	13473
met-c-936	Total fatty acids	1	55505647	rs11591147	T	G	0.028841	-0.224405	0.039904	2.15001e-08	13501
met-c-937	Total phosphoglycerides	1	55505647	rs11591147	T	G	0.028809	-0.252215	0.039851	3.22003e-10	13517
met-c-953	Total lipids in very small VLDL	1	55505647	rs11591147	T	G	0.030715	-0.332251	0.034884	6.21012e-21	15985
met-c-954	Concentration of very small VLDL particles	1	55505647	rs11591147	T	G	0.030715	-0.322207	0.034887	9.53016e-20	15985
met-c-955	Phospholipids in very small VLDL	1	55505647	rs11591147	T	G	0.030715	-0.421474	0.034866	9.18967e-33	15985
met-c-956	Triglycerides in very small VLDL	1	55505647	rs11591147	T	G	0.030715	-0.233711	0.034934	4.40961e-11	15985
met-d-ApoB	Apolipoprotein B	1	55505647	rs11591147	T	G	0.017458	-0.324428	0.0157124	3.59998e-98	
met-d-ApoB_by_ApoA1	Ratio of apolipoprotein B to apolipoprotein A1	1	55505647	rs11591147	T	G	0.017458	-0.305311	0.0154901	1.69981e-91	
met-d-Cholines	Total cholines	1	55505647	rs11591147	T	G	0.017465	-0.110337	0.0147962	6.09958e-15	
met-d-Clinical_LDL_C	Clinical LDL cholesterol	1	55505647	rs11591147	T	G	0.017458	-0.324712	0.0156429	2.70023e-99	
met-d-DHA	Docosahexaenoic acid	1	55505647	rs11591147	T	G	0.017465	-0.111414	0.0152101	5.30029e-14	
met-d-IDL_C	Cholesterol in IDL	1	55505647	rs11591147	T	G	0.017458	-0.317008	0.0151931	6.99842e-101	
met-d-IDL_CE	Cholesteryl esters in IDL	1	55505647	rs11591147	T	G	0.017458	-0.311618	0.0151884	1.29987e-97	
met-d-IDL_CE_pct	Cholesteryl esters to total lipids ratio in IDL	1	55505647	rs11591147	T	G	0.017458	-0.131401	0.0154444	3.19963e-18	
met-d-IDL_C_pct	Cholesterol to total lipids ratio in IDL	1	55505647	rs11591147	T	G	0.017458	-0.171934	0.0153635	5.10035e-30	
met-d-IDL_FC	Free cholesterol in IDL	1	55505647	rs11591147	T	G	0.017458	-0.325843	0.0152298	7.99834e-106	
met-d-IDL_FC_pct	Free cholesterol to total lipids ratio in IDL	1	55505647	rs11591147	T	G	0.017458	-0.14791	0.0156186	2.90001e-21	
met-d-IDL_L	Total lipids in IDL	1	55505647	rs11591147	T	G	0.017458	-0.319346	0.0152108	5.49541e-102	
met-d-IDL_P	Concentration of IDL particles	1	55505647	rs11591147	T	G	0.017458	-0.345814	0.0155699	2.19786e-113	
met-d-IDL_PL	Phospholipids in IDL	1	55505647	rs11591147	T	G	0.017458	-0.327845	0.0151793	2.50035e-107	
met-d-IDL_TG	Triglycerides in IDL	1	55505647	rs11591147	T	G	0.017458	-0.102911	0.0155512	6.59933e-12	
met-d-IDL_TG_pct	Triglycerides to total lipids ratio in IDL	1	55505647	rs11591147	T	G	0.017458	0.202951	0.0151993	6.4998e-42	
met-d-LA	Linoleic acid	1	55505647	rs11591147	T	G	0.017465	-0.156709	0.0154315	4.40048e-26	
met-d-LDL_C	LDL cholesterol	1	55505647	rs11591147	T	G	0.017458	-0.304518	0.0156658	1.9002e-87	
met-d-LDL_CE	Cholesteryl esters in LDL	1	55505647	rs11591147	T	G	0.017458	-0.292396	0.015693	6.29941e-81	
met-d-LDL_FC	Free cholesterol in LDL	1	55505647	rs11591147	T	G	0.017458	-0.325042	0.0155643	5.99791e-101	
met-d-LDL_L	Total lipids in LDL	1	55505647	rs11591147	T	G	0.017458	-0.303807	0.0156813	5.50047e-87	
met-d-LDL_P	Concentration of LDL particles	1	55505647	rs11591147	T	G	0.017458	-0.321517	0.0157209	8.80035e-97	
met-d-LDL_PL	Phospholipids in LDL	1	55505647	rs11591147	T	G	0.017458	-0.315588	0.0156977	1.50003e-93	
met-d-LDL_TG	Triglycerides in LDL	1	55505647	rs11591147	T	G	0.017458	-0.1094	0.0155616	2.39994e-13	
met-d-LDL_size	Average diameter for LDL particles	1	55505647	rs11591147	T	G	0.017458	-0.134034	0.0153884	5.40008e-18	
met-d-L_HDL_CE_pct	Cholesteryl esters to total lipids ratio in large HDL	1	55505647	rs11591147	T	G	0.017458	-0.0938102	0.0150545	2.80001e-10	
met-d-L_HDL_C_pct	Cholesterol to total lipids ratio in large HDL	1	55505647	rs11591147	T	G	0.017458	-0.122724	0.0148294	2.09991e-17	
met-d-L_HDL_FC_pct	Free cholesterol to total lipids ratio in large HDL	1	55505647	rs11591147	T	G	0.017458	-0.214168	0.0146219	2.90001e-52	
met-d-L_HDL_PL_pct	Phospholipids to total lipids ratio in large HDL	1	55505647	rs11591147	T	G	0.017458	0.213926	0.0152204	3.19963e-46	
met-d-L_LDL_C	Cholesterol in large LDL	1	55505647	rs11591147	T	G	0.017458	-0.307951	0.0155557	2.80027e-90	
met-d-L_LDL_CE	Cholesteryl esters in large LDL	1	55505647	rs11591147	T	G	0.017458	-0.298785	0.0155929	8.9002e-85	
met-d-L_LDL_C_pct	Cholesterol to total lipids ratio in large LDL	1	55505647	rs11591147	T	G	0.017458	-0.183353	0.0153304	5.00035e-34	
met-d-L_LDL_FC	Free cholesterol in large LDL	1	55505647	rs11591147	T	G	0.017458	-0.32431	0.0154475	7.39605e-102	
met-d-L_LDL_FC_pct	Free cholesterol to total lipids ratio in large LDL	1	55505647	rs11591147	T	G	0.017458	-0.182051	0.014996	2.49977e-34	
met-d-L_LDL_L	Total lipids in large LDL	1	55505647	rs11591147	T	G	0.017458	-0.308137	0.0155798	3.80014e-90	
met-d-L_LDL_P	Concentration of large LDL particles	1	55505647	rs11591147	T	G	0.017458	-0.332079	0.015677	5.99791e-103	
met-d-L_LDL_PL	Phospholipids in large LDL	1	55505647	rs11591147	T	G	0.017458	-0.31541	0.015616	3.50026e-94	
met-d-L_LDL_TG	Triglycerides in large LDL	1	55505647	rs11591147	T	G	0.017458	-0.125544	0.015592	8.69961e-17	
met-d-L_LDL_TG_pct	Triglycerides to total lipids ratio in large LDL	1	55505647	rs11591147	T	G	0.017458	0.189082	0.015428	1.20005e-35	
met-d-L_VLDL_C	Cholesterol in large VLDL	1	55505647	rs11591147	T	G	0.017458	-0.130509	0.0153896	4.19952e-19	
met-d-L_VLDL_CE	Cholesteryl esters in large VLDL	1	55505647	rs11591147	T	G	0.017458	-0.173356	0.0155457	2.70023e-31	
met-d-L_VLDL_CE_pct	Cholesteryl esters to total lipids ratio in large VLDL	1	55505647	rs11591147	T	G	0.017455	-0.236525	0.0150577	1.39991e-56	
met-d-L_VLDL_C_pct	Cholesterol to total lipids ratio in large VLDL	1	55505647	rs11591147	T	G	0.017455	-0.244027	0.0153741	2.90001e-58	
met-d-L_VLDL_FC	Free cholesterol in large VLDL	1	55505647	rs11591147	T	G	0.017458	-0.0876725	0.0152201	7.29995e-10	
met-d-L_VLDL_FC_pct	Free cholesterol to total lipids ratio in large VLDL	1	55505647	rs11591147	T	G	0.017455	-0.183899	0.0155956	5.60015e-32	
met-d-L_VLDL_TG_pct	Triglycerides to total lipids ratio in large VLDL	1	55505647	rs11591147	T	G	0.017455	0.232522	0.0156681	1.10002e-50	
met-d-M_HDL_C	Cholesterol in medium HDL	1	55505647	rs11591147	T	G	0.017458	0.0852539	0.01448	1.89998e-09	
met-d-M_HDL_CE	Cholesteryl esters in medium HDL	1	55505647	rs11591147	T	G	0.017458	0.0925982	0.0145337	8.00018e-11	
met-d-M_HDL_FC_pct	Free cholesterol to total lipids ratio in medium HDL	1	55505647	rs11591147	T	G	0.017458	-0.0823232	0.0139511	4.70002e-10	
met-d-M_HDL_L	Total lipids in medium HDL	1	55505647	rs11591147	T	G	0.017458	0.10342	0.0146073	7.39946e-13	
met-d-M_HDL_P	Concentration of medium HDL particles	1	55505647	rs11591147	T	G	0.017458	0.0865698	0.0144957	1.40001e-09	
met-d-M_HDL_PL	Phospholipids in medium HDL	1	55505647	rs11591147	T	G	0.017458	0.117819	0.0147126	5.70033e-16	
met-d-M_LDL_C	Cholesterol in medium LDL	1	55505647	rs11591147	T	G	0.017458	-0.27823	0.0157651	4.00037e-73	
met-d-M_LDL_CE	Cholesteryl esters in medium LDL	1	55505647	rs11591147	T	G	0.017458	-0.259031	0.015758	4.60045e-64	
met-d-M_LDL_C_pct	Cholesterol to total lipids ratio in medium LDL	1	55505647	rs11591147	T	G	0.017458	-0.148066	0.0157583	4.40048e-22	
met-d-M_LDL_FC	Free cholesterol in medium LDL	1	55505647	rs11591147	T	G	0.017458	-0.310958	0.0157147	9.70063e-91	
met-d-M_LDL_FC_pct	Free cholesterol to total lipids ratio in medium LDL	1	55505647	rs11591147	T	G	0.017458	-0.109936	0.0150744	3.40017e-13	
met-d-M_LDL_L	Total lipids in medium LDL	1	55505647	rs11591147	T	G	0.017458	-0.276574	0.0157577	1.20005e-72	
met-d-M_LDL_P	Concentration of medium LDL particles	1	55505647	rs11591147	T	G	0.017458	-0.278609	0.0157823	9.60064e-73	
met-d-M_LDL_PL	Phospholipids in medium LDL	1	55505647	rs11591147	T	G	0.017458	-0.288209	0.0157571	1.29987e-78	
met-d-M_LDL_TG	Triglycerides in medium LDL	1	55505647	rs11591147	T	G	0.017458	-0.0940748	0.0155034	1.7e-10	
met-d-M_LDL_TG_pct	Triglycerides to total lipids ratio in medium LDL	1	55505647	rs11591147	T	G	0.017458	0.204804	0.0155369	3.29989e-41	
met-d-M_VLDL_C	Cholesterol in medium VLDL	1	55505647	rs11591147	T	G	0.017458	-0.327361	0.0156899	2.09991e-99	
met-d-M_VLDL_CE	Cholesteryl esters in medium VLDL	1	55505647	rs11591147	T	G	0.017458	-0.344374	0.0155892	1.09901e-110	
met-d-M_VLDL_CE_pct	Cholesteryl esters to total lipids ratio in medium VLDL	1	55505647	rs11591147	T	G	0.017458	-0.239063	0.0147697	8.10028e-61	
met-d-M_VLDL_C_pct	Cholesterol to total lipids ratio in medium VLDL	1	55505647	rs11591147	T	G	0.017458	-0.254368	0.0148086	2.80027e-68	
met-d-M_VLDL_FC	Free cholesterol in medium VLDL	1	55505647	rs11591147	T	G	0.017458	-0.282081	0.0157311	4.20049e-75	
met-d-M_VLDL_FC_pct	Free cholesterol to total lipids ratio in medium VLDL	1	55505647	rs11591147	T	G	0.017458	-0.289047	0.0149596	2.90001e-86	
met-d-M_VLDL_L	Total lipids in medium VLDL	1	55505647	rs11591147	T	G	0.017458	-0.197424	0.0156259	7.59976e-40	
met-d-M_VLDL_P	Concentration of medium VLDL particles	1	55505647	rs11591147	T	G	0.017458	-0.240222	0.0156947	1.50003e-56	
met-d-M_VLDL_PL	Phospholipids in medium VLDL	1	55505647	rs11591147	T	G	0.017458	-0.253538	0.0157089	2.39994e-62	
met-d-M_VLDL_PL_pct	Phospholipids to total lipids ratio in medium VLDL	1	55505647	rs11591147	T	G	0.017458	-0.316586	0.0150958	6.19441e-102	
met-d-M_VLDL_TG_pct	Triglycerides to total lipids ratio in medium VLDL	1	55505647	rs11591147	T	G	0.017458	0.271331	0.0148581	4.79954e-77	
met-d-Omega_3	Omega-3 fatty acids	1	55505647	rs11591147	T	G	0.017465	-0.0922144	0.0154873	4.30002e-10	
met-d-Omega_6	Omega-6 fatty acids	1	55505647	rs11591147	T	G	0.017465	-0.166015	0.0153646	3.19963e-29	
met-d-PUFA	Polyunsaturated fatty acids	1	55505647	rs11591147	T	G	0.017465	-0.167029	0.0153439	8.99912e-30	
met-d-Phosphatidylc	Phosphatidylcholines	1	55505647	rs11591147	T	G	0.017465	-0.0842838	0.0147398	1.2e-09	
met-d-Phosphoglyc	Phosphoglycerides	1	55505647	rs11591147	T	G	0.017465	-0.0847428	0.014902	1.40001e-09	
met-d-Remnant_C	Remnant cholesterol (non-HDL, non-LDL -cholesterol)	1	55505647	rs11591147	T	G	0.017458	-0.308812	0.0156332	7.29962e-90	
met-d-SFA	Saturated fatty acids	1	55505647	rs11591147	T	G	0.017465	-0.0885619	0.0155929	1.09999e-09	
met-d-S_HDL_C_pct	Cholesterol to total lipids ratio in small HDL	1	55505647	rs11591147	T	G	0.017458	-0.13349	0.0155518	4.49987e-18	
met-d-S_HDL_FC_pct	Free cholesterol to total lipids ratio in small HDL	1	55505647	rs11591147	T	G	0.017458	-0.239095	0.0149209	7.00003e-62	
met-d-S_HDL_PL_pct	Phospholipids to total lipids ratio in small HDL	1	55505647	rs11591147	T	G	0.017458	0.199836	0.0152102	3.19963e-41	
met-d-S_LDL_C	Cholesterol in small LDL	1	55505647	rs11591147	T	G	0.017458	-0.305375	0.0157494	1.10002e-87	
met-d-S_LDL_CE	Cholesteryl esters in small LDL	1	55505647	rs11591147	T	G	0.017458	-0.283365	0.0157426	1.99986e-76	
met-d-S_LDL_C_pct	Cholesterol to total lipids ratio in small LDL	1	55505647	rs11591147	T	G	0.017458	-0.161458	0.0158094	2.29985e-25	
met-d-S_LDL_FC	Free cholesterol in small LDL	1	55505647	rs11591147	T	G	0.017458	-0.331001	0.0157057	2.69774e-103	
met-d-S_LDL_FC_pct	Free cholesterol to total lipids ratio in small LDL	1	55505647	rs11591147	T	G	0.017458	-0.130216	0.0152497	6.79986e-18	
met-d-S_LDL_L	Total lipids in small LDL	1	55505647	rs11591147	T	G	0.017458	-0.306972	0.0157293	1.69981e-89	
met-d-S_LDL_P	Concentration of small LDL particles	1	55505647	rs11591147	T	G	0.017458	-0.301058	0.0157487	2.19989e-85	
met-d-S_LDL_PL	Phospholipids in small LDL	1	55505647	rs11591147	T	G	0.017458	-0.333805	0.0156922	1.30017e-105	
met-d-S_LDL_TG_pct	Triglycerides to total lipids ratio in small LDL	1	55505647	rs11591147	T	G	0.017458	0.189415	0.0152468	2.80027e-36	
met-d-S_VLDL_C	Cholesterol in small VLDL	1	55505647	rs11591147	T	G	0.017458	-0.2753	0.015731	4.00037e-72	
met-d-S_VLDL_CE	Cholesteryl esters in small VLDL	1	55505647	rs11591147	T	G	0.017458	-0.260113	0.0157122	7.29962e-65	
met-d-S_VLDL_CE_pct	Cholesteryl esters to total lipids ratio in small VLDL	1	55505647	rs11591147	T	G	0.017458	-0.308049	0.015521	9.60064e-91	
met-d-S_VLDL_C_pct	Cholesterol to total lipids ratio in small VLDL	1	55505647	rs11591147	T	G	0.017458	-0.311225	0.0153046	3.40017e-95	
met-d-S_VLDL_FC	Free cholesterol in small VLDL	1	55505647	rs11591147	T	G	0.017458	-0.295031	0.0157362	1.69981e-81	
met-d-S_VLDL_FC_pct	Free cholesterol to total lipids ratio in small VLDL	1	55505647	rs11591147	T	G	0.017458	-0.272525	0.0150221	1.99986e-76	
met-d-S_VLDL_L	Total lipids in small VLDL	1	55505647	rs11591147	T	G	0.017458	-0.169602	0.0155773	8.10028e-30	
met-d-S_VLDL_P	Concentration of small VLDL particles	1	55505647	rs11591147	T	G	0.017458	-0.163175	0.0155316	6.00067e-28	
met-d-S_VLDL_PL	Phospholipids in small VLDL	1	55505647	rs11591147	T	G	0.017458	-0.24792	0.0157024	1.39991e-59	
met-d-S_VLDL_PL_pct	Phospholipids to total lipids ratio in small VLDL	1	55505647	rs11591147	T	G	0.017458	-0.273314	0.0150525	1.29987e-76	
met-d-S_VLDL_TG_pct	Triglycerides to total lipids ratio in small VLDL	1	55505647	rs11591147	T	G	0.017458	0.304621	0.0152198	4.20049e-92	
met-d-Sphingomyelins	Sphingomyelins	1	55505647	rs11591147	T	G	0.017465	-0.228354	0.014707	1.29987e-56	
met-d-Total_C	Total cholesterol	1	55505647	rs11591147	T	G	0.017458	-0.273043	0.0152309	1.39991e-74	
met-d-Total_CE	Total esterified cholesterol	1	55505647	rs11591147	T	G	0.017458	-0.26614	0.0151763	1.20005e-71	
met-d-Total_FA	Total fatty acids	1	55505647	rs11591147	T	G	0.017465	-0.108737	0.0156074	1.29987e-13	
met-d-Total_FC	Total free cholesterol	1	55505647	rs11591147	T	G	0.017458	-0.285377	0.0153703	7.00003e-80	
met-d-Total_L	Total lipids in lipoprotein particles	1	55505647	rs11591147	T	G	0.017458	-0.207062	0.0154805	2.99985e-43	
met-d-Total_PL	Total phospholipids in lipoprotein particles	1	55505647	rs11591147	T	G	0.017458	-0.158048	0.0149839	6.00067e-28	
met-d-Unsaturation	Degree of unsaturation	1	55505647	rs11591147	T	G	0.017465	-0.0948857	0.0149712	1.2e-10	
met-d-VLDL_C	VLDL cholesterol	1	55505647	rs11591147	T	G	0.017458	-0.246169	0.0157117	8.10028e-59	
met-d-VLDL_CE	Cholesteryl esters in VLDL	1	55505647	rs11591147	T	G	0.017458	-0.278645	0.0157382	1.59993e-73	
met-d-VLDL_FC	Free cholesterol in VLDL	1	55505647	rs11591147	T	G	0.017458	-0.195553	0.015617	5.30029e-39	
met-d-VLDL_L	Total lipids in VLDL	1	55505647	rs11591147	T	G	0.017458	-0.115757	0.0154276	1.9002e-15	
met-d-VLDL_P	Concentration of VLDL particles	1	55505647	rs11591147	T	G	0.017458	-0.210743	0.0156476	2.70023e-44	
met-d-VLDL_PL	Phospholipids in VLDL	1	55505647	rs11591147	T	G	0.017458	-0.163618	0.015542	2.60016e-28	
met-d-XL_HDL_C	Cholesterol in very large HDL	1	55505647	rs11591147	T	G	0.017458	-0.133135	0.0141859	9.20026e-23	
met-d-XL_HDL_CE	Cholesteryl esters in very large HDL	1	55505647	rs11591147	T	G	0.017458	-0.118896	0.0140889	8.69961e-19	
met-d-XL_HDL_FC	Free cholesterol in very large HDL	1	55505647	rs11591147	T	G	0.017458	-0.177244	0.0146566	1.80011e-35	
met-d-XL_HDL_L	Total lipids in very large HDL	1	55505647	rs11591147	T	G	0.017458	-0.106757	0.0141384	3.50026e-15	
met-d-XL_HDL_P	Concentration of very large HDL particles	1	55505647	rs11591147	T	G	0.017458	-0.134484	0.0141575	3.19963e-23	
met-d-XL_HDL_PL	Phospholipids in very large HDL	1	55505647	rs11591147	T	G	0.017458	-0.0802104	0.0141434	4.30002e-09	
met-d-XL_VLDL_C	Cholesterol in very large VLDL	1	55505647	rs11591147	T	G	0.017458	-0.124616	0.0153683	1.29987e-17	
met-d-XL_VLDL_CE	Cholesteryl esters in very large VLDL	1	55505647	rs11591147	T	G	0.017458	-0.167983	0.0154869	7.39946e-30	
met-d-XL_VLDL_CE_pct	Cholesteryl esters to total lipids ratio in very large VLDL	1	55505647	rs11591147	T	G	0.017402	-0.203142	0.01512	4.30031e-41	
met-d-XL_VLDL_C_pct	Cholesterol to total lipids ratio in very large VLDL	1	55505647	rs11591147	T	G	0.017402	-0.210941	0.0151127	4.10015e-44	
met-d-XL_VLDL_FC_pct	Free cholesterol to total lipids ratio in very large VLDL	1	55505647	rs11591147	T	G	0.017402	-0.216625	0.0152842	3.29989e-46	
met-d-XL_VLDL_PL_pct	Phospholipids to total lipids ratio in very large VLDL	1	55505647	rs11591147	T	G	0.017402	-0.243038	0.0157945	4.49987e-55	
met-d-XL_VLDL_TG_pct	Triglycerides to total lipids ratio in very large VLDL	1	55505647	rs11591147	T	G	0.017402	0.248023	0.0152796	3.90032e-60	
met-d-XS_VLDL_C	Cholesterol in very small VLDL	1	55505647	rs11591147	T	G	0.017458	-0.313688	0.0152712	8.49963e-97	
met-d-XS_VLDL_CE	Cholesteryl esters in very small VLDL	1	55505647	rs11591147	T	G	0.017458	-0.316218	0.0151816	1.9002e-99	
met-d-XS_VLDL_CE_pct	Cholesteryl esters to total lipids ratio in very small VLDL	1	55505647	rs11591147	T	G	0.017458	-0.21604	0.0148298	1.69981e-49	
met-d-XS_VLDL_C_pct	Cholesterol to total lipids ratio in very small VLDL	1	55505647	rs11591147	T	G	0.017458	-0.23145	0.0149072	5.40008e-56	
met-d-XS_VLDL_FC	Free cholesterol in very small VLDL	1	55505647	rs11591147	T	G	0.017458	-0.294484	0.0154604	2.49977e-84	
met-d-XS_VLDL_FC_pct	Free cholesterol to total lipids ratio in very small VLDL	1	55505647	rs11591147	T	G	0.017458	-0.272622	0.0156233	1.39991e-69	
met-d-XS_VLDL_L	Total lipids in very small VLDL	1	55505647	rs11591147	T	G	0.017458	-0.266589	0.015466	4.79954e-70	
met-d-XS_VLDL_P	Concentration of very small VLDL particles	1	55505647	rs11591147	T	G	0.017458	-0.284725	0.0155248	5.90065e-79	
met-d-XS_VLDL_PL	Phospholipids in very small VLDL	1	55505647	rs11591147	T	G	0.017458	-0.26118	0.0155139	3.29989e-67	
met-d-XS_VLDL_TG_pct	Triglycerides to total lipids ratio in very small VLDL	1	55505647	rs11591147	T	G	0.017458	0.254171	0.0149434	1e-66	
met-d-XXL_VLDL_CE_pct	Cholesteryl esters to total lipids ratio in chylomicrons and extremely large VLDL	1	55505647	rs11591147	T	G	0.017428	-0.13284	0.015896	4.60045e-17	
met-d-XXL_VLDL_C_pct	Cholesterol to total lipids ratio in chylomicrons and extremely large VLDL	1	55505647	rs11591147	T	G	0.017428	-0.0968449	0.01581	1.40001e-09	
met-d-non_HDL_C	Total cholesterol minus HDL-C	1	55505647	rs11591147	T	G	0.017458	-0.31186	0.0156489	2.29985e-91	
ukb-a-108	Non-cancer illness code  self-reported: high cholesterol	1	55505647	rs11591147	T	G	0.0174556	-0.0476105	0.00303454	1.86552e-55	337159
ukb-a-121	Treatment/medication code: simvastatin	1	55505647	rs11591147	T	G	0.0174556	-0.0309811	0.00293635	5.07925e-26	337159
ukb-a-176	Treatment/medication code: atorvastatin	1	55505647	rs11591147	T	G	0.0174556	-0.0119231	0.00158604	5.595e-14	337159
ukb-a-201	Illnesses of father: Heart disease	1	55505647	rs11591147	T	G	0.0174556	-0.0261119	0.00462457	1.64051e-08	292053
ukb-a-448	Medication for cholesterol  blood pressure  diabetes  or take exogenous hormones: Cholesterol lowering medication	1	55505647	rs11591147	T	G	0.0174556	-0.0317505	0.00422207	5.49794e-14	180203
ukb-a-488	Medication for cholesterol  blood pressure or diabetes: Cholesterol lowering medication	1	55505647	rs11591147	T	G	0.0174556	-0.0771513	0.00578468	1.48149e-40	154702
ukb-a-489	Medication for cholesterol  blood pressure or diabetes: None of the above	1	55505647	rs11591147	T	G	0.0174556	0.0509638	0.00647002	3.37754e-15	154702
ukb-b-10912	Non-cancer illness code, self-reported: high cholesterol	1	55505647	rs11591147	T	G	0.017452	-0.0470181	0.0025856	6.79986e-74	462933
ukb-b-11268	Treatment/medication code: simvastatin	1	55505647	rs11591147	T	G	0.017452	-0.0297996	0.00249708	7.89951e-33	462933
ukb-b-11740	Medication for cholesterol, blood pressure or diabetes: Cholesterol lowering medication	1	55505647	rs11591147	T	G	0.017316	-0.072924	0.00496521	7.8001e-49	209638
ukb-b-12014	Medication for cholesterol, blood pressure or diabetes: None of the above	1	55505647	rs11591147	T	G	0.017316	0.0445405	0.00554118	9.09913e-16	209638
ukb-b-12651	Diagnoses - secondary ICD10: E78.0 Pure hypercholesterolaemia	1	55505647	rs11591147	T	G	0.017453	-0.0132784	0.00170505	6.79986e-15	463010
ukb-b-17805	Medication for cholesterol, blood pressure, diabetes, or take exogenous hormones: Cholesterol lowering medication	1	55505647	rs11591147	T	G	0.017507	-0.0325758	0.00357901	8.9002e-20	249710
ukb-b-18408	Illnesses of father: Heart disease	1	55505647	rs11591147	T	G	0.017431	-0.0243457	0.00396351	8.10009e-10	407557
ukb-d-30630_irnt	Apoliprotein A	1	55505647	rs11591147	T	G	0.017655	0.049618	0.0087769	1.5759e-08	313387
ukb-d-30640_irnt	Apoliprotein B	1	55505647	rs11591147	T	G	0.01767	-0.34563	0.0089759	1e-323	342590
ukb-d-30640_raw	Apoliprotein B	1	55505647	rs11591147	T	G	0.01767	-0.080862	0.0021375	1.57036e-312	342590
ukb-d-30690_irnt	Cholesterol	1	55505647	rs11591147	T	G	0.017689	-0.3124	0.0087614	6.06736e-278	344278
ukb-d-30690_raw	Cholesterol	1	55505647	rs11591147	T	G	0.017689	-0.35498	0.010011	6.3387e-275	344278
ukb-d-30780_irnt	LDL direct	1	55505647	rs11591147	T	G	0.017695	-0.34847	0.0088975	0	343621
ukb-d-30780_raw	LDL direct	1	55505647	rs11591147	T	G	0.017695	-0.30026	0.007733	0	343621
ukb-d-I9_CORATHER	Coronary atherosclerosis	1	55505647	rs11591147	T	G	0.0176733	-0.0103698	0.00171027	1.33552e-09	361194
ukb-d-I9_IHD	Ischaemic heart disease, wide definition	1	55505647	rs11591147	T	G	0.0176733	-0.0130493	0.00203782	1.51981e-10	361194
