"SNP","effect_allele.exposure","other_allele.exposure","effect_allele.outcome","other_allele.outcome","beta.exposure","beta.outcome","eaf.exposure","eaf.outcome","remove","palindromic","ambiguous","id.outcome","se.outcome","outcome","mr_keep.outcome","pval.outcome","pval_origin.outcome","se.exposure","samplesize.exposure","units.exposure","pval.exposure","exposure","mr_keep.exposure","pval_origin.exposure","units.exposure_dat","id.exposure","action","SNP_index","mr_keep","samplesize.outcome","F_stat"
"rs11125529","A","C","A","C",0.043859491,-0.0199892,0.141479973,0.1739161,FALSE,FALSE,FALSE,"sQnFlG",0.0194909,"outcome",TRUE,0.305096305859379,"inferred",0.013795148,20000,"mg",0.0014760990755483,"Telomere_length",TRUE,"reported","mg","Aayn3o",2,1,TRUE,NA,10.1082144316831
"rs12696304","C","G","C","G",0.058202395,-0.0179938,0.745143981,0.75529068,FALSE,TRUE,FALSE,"sQnFlG",0.0160392,"outcome",TRUE,0.261920297670888,"inferred",0.010704085,20000,"mg",5.40635836505693e-08,"Telomere_length",TRUE,"reported","mg","Aayn3o",2,1,TRUE,NA,29.5653220323705
"rs17653722","T","G","T","G",0.01495765,0.0010654,0.162977391,0.17977614,FALSE,FALSE,FALSE,"sQnFlG",0.0196097,"outcome",TRUE,0.956672045199335,"inferred",0.012830492,20000,"mg",0.243699653457161,"Telomere_length",TRUE,"reported","mg","Aayn3o",2,1,TRUE,NA,1.35906463977938
"rs2098713","T","C","T","C",0.007037157,-0.0149741,0.354965529,0.36058268,FALSE,FALSE,FALSE,"sQnFlG",0.014689,"outcome",TRUE,0.308008796460149,"inferred",0.010161311,20030,"mg",0.488595638407666,"Telomere_length",TRUE,"reported","mg","Aayn3o",2,1,TRUE,NA,0.479617469301749
"rs2162440","A","G","A","G",0.036928044,0.0051753,0.187983752,0.20692147,FALSE,FALSE,FALSE,"sQnFlG",0.0178449,"outcome",TRUE,0.771804276613585,"inferred",0.020220288,20000,"mg",0.0678070804349188,"Telomere_length",TRUE,"reported","mg","Aayn3o",2,1,TRUE,NA,3.33532328318492
"rs2736100","C","A","C","A",0.055542945,-0.0207844,0.51724734,0.50324657,FALSE,FALSE,FALSE,"sQnFlG",0.0169179,"outcome",TRUE,0.219242479841247,"inferred",0.013068791,20000,"mg",2.13727926623521e-05,"Telomere_length",TRUE,"reported","mg","Aayn3o",2,1,TRUE,NA,18.0628793503952
"rs2736428","T","C","T","C",0.046238218,0.0373755,0.339983988,0.33402815,FALSE,FALSE,FALSE,"sQnFlG",0.0149128,"outcome",TRUE,0.0122012484764083,"inferred",0.017796509,20000,"mg",0.00937241947935107,"Telomere_length",TRUE,"reported","mg","Aayn3o",2,1,TRUE,NA,6.75044711657223
"rs3027234","C","T","C","T",0.065856682,-0.0013065,0.77323311,0.77529256,FALSE,FALSE,FALSE,"sQnFlG",0.0169663,"outcome",TRUE,0.938619095260487,"inferred",0.014545151,20000,"mg",5.96174839289251e-06,"Telomere_length",TRUE,"reported","mg","Aayn3o",2,1,TRUE,NA,20.500441966157
"rs398652","A","G","A","G",0.023799875,-0.0277243,0.131681491,0.15692345,FALSE,FALSE,FALSE,"sQnFlG",0.020458,"outcome",TRUE,0.175359786057072,"inferred",0.01190513,20020,"mg",0.0455945401458718,"Telomere_length",TRUE,"reported","mg","Aayn3o",2,1,TRUE,NA,3.9965115088177
"rs4902100","A","G","A","G",0.003998928,-0.0114833,0.743416769,0.75317786,FALSE,FALSE,FALSE,"sQnFlG",0.0165789,"outcome",TRUE,0.488532067054097,"inferred",0.010234113,20000,"mg",0.695985767727189,"Telomere_length",TRUE,"reported","mg","Aayn3o",2,1,TRUE,NA,0.152681618052014
"rs6028466","A","G","A","G",0.038007203,0.0019669,0.059362418,0.09267098,FALSE,FALSE,FALSE,"sQnFlG",0.0290812,"outcome",TRUE,0.946076383785045,"inferred",0.013195303,20000,"mg",0.00397223226974064,"Telomere_length",TRUE,"reported","mg","Aayn3o",2,1,TRUE,NA,8.29646502036203
"rs621559","G","A","G","A",0.003061092,0.0322795,0.930963777,0.89371865,FALSE,FALSE,FALSE,"sQnFlG",0.026568,"outcome",TRUE,0.224374992014159,"inferred",0.019672991,20000,"mg",0.87634934268772,"Telomere_length",TRUE,"reported","mg","Aayn3o",2,1,TRUE,NA,0.0242109582144898
"rs654128","A","C","A","C",0.00325452,0.0143358,0.15039071,0.16017195,FALSE,FALSE,FALSE,"sQnFlG",0.0202103,"outcome",TRUE,0.478118859264262,"inferred",0.026562222,20000,"mg",0.902483732503594,"Telomere_length",TRUE,"reported","mg","Aayn3o",2,1,TRUE,NA,0.0150122257057901
"rs6772228","T","A","T","A",0.026764694,-0.0372632,0.926758641,0.88214945,FALSE,TRUE,FALSE,"sQnFlG",0.0292388,"outcome",TRUE,0.202506267353051,"inferred",0.013639045,20000,"mg",0.0497207768927044,"Telomere_length",TRUE,"reported","mg","Aayn3o",2,1,TRUE,NA,3.8508503393447
"rs755017","G","A","G","A",0.012278742,-0.0045148,0.135563686,0.13030568,FALSE,FALSE,FALSE,"sQnFlG",0.0231941,"outcome",TRUE,0.845664647286864,"inferred",0.012858208,20000,"mg",0.339610995741973,"Telomere_length",TRUE,"reported","mg","Aayn3o",2,1,TRUE,NA,0.911899241678657
"rs8105767","G","A","G","A",0.041388996,-0.0193891,0.290208018,0.29796609,FALSE,FALSE,FALSE,"sQnFlG",0.0155219,"outcome",TRUE,0.211612133141442,"inferred",0.011055945,20000,"mg",0.000181404952168943,"Telomere_length",TRUE,"reported","mg","Aayn3o",2,1,TRUE,NA,14.014514073409
"rs9420907","C","A","C","A",0.089388747,-0.0584816,0.139784527,0.13442736,FALSE,FALSE,FALSE,"sQnFlG",0.0206073,"outcome",TRUE,0.00454104178880791,"inferred",0.017926474,20000,"mg",6.15115793639015e-07,"Telomere_length",TRUE,"reported","mg","Aayn3o",2,1,TRUE,NA,24.8642834539976
